insert into modalidades (modalidade) values 
('Futebol'),
('Futsal'),
('Basquete'),
('Voleibol'),
('Hoquei em patins'),
('Andebol');

insert into generos (id_genero, genero) values 
(1, 'Masculino'),
(2, 'Feminino'),
(3, 'Misto');

insert into faixa_etaria (id_faixa_etaria, faixa_etaria, idade_inicio, idade_fim) values 
(1 , 'Petizes', 2014, 2017),
(2 , 'Traquinas', 2015, 2014),
(3 , 'Benjamins', 2010, 2012),
(4 , 'Infantis', 2008, 2010),
(5 , 'Iniciados', 2006, 2008),
(6, 'Juvenis', 2004, 2006),
(7, 'Juniores', 2002, 2004),
(8, 'SUB 20', 1999, 2002),
(9, 'SENIORES', 1900, 1999);

insert into clube (id_clube, nome, endereco, telefone, presidente, distrito, email) values 
(1, 'Sporting Clube de Portugal', 'Rua Professor Fernando da Fonseca, Lisboa, 1501-806 Lisboa', 217516522, 'Luana Benedita Oliveira de Leite', 'Lisboa', 'servico.socio@sporting.pt'),
(2, 'SL Benfica', 'Av. General Norton De Matos 1500, 1501-805 Lisboa', 217219555, 'Camila Macedo de Andrade', 'Lisboa', 'webmasters@slbenfica.pt'),
(3, 'FC Porto', 'Avenida Fernão de Maghalhães, Porto, 4350-415 Porto', 215570400, 'Matilde Laura Branco', 'Porto', 'futebolsad@fcporto.pt'),
(4, 'Sporting Braga', 'Estádio Municipal de Braga/ Apartado 12, Braga, 4711-909 Braga', 253206860, 'Emanuel José Garcia Pinto', 'Braga', 'mail@scbraga.pt'),
(5, 'Vitória Guimarães SC', 'Dr. António Pimenta Machado, 4802-914 Guimarães', 253432570, 'Cátia Anjos Batista', 'Guimarães', 'geral@vitoriasc.pt');

insert into equipas (id_equipa,id_genero, id_clube, id_modalidade, id_faixa_etaria, equipa, treinador, sede, telefone, email) values 
(1 , 1, 1, 1, 9, 'A', 'Alice Inês de Pinho', 'Rua Professor Fernando da Fonseca, Lisboa, 1501-806 Lisboa', 217516522, 'servico.socio@sporting.pt'),
(2 , 1, 1, 1, 8, 'B', 'Joel Jorge Rocha de Gonçalves', 'Rua Professor Fernando da Fonseca, Lisboa, 1501-806 Lisboa', 217516522, 'servico.socio@sporting.pt'),
(3 , 1, 1, 2, 9, 'A', 'Bárbara Beatriz Faria Soares Henriques', 'Rua Professor Fernando da Fonseca, Lisboa, 1501-806 Lisboa', 217516522, 'servico.socio@sporting.pt'),
(4 , 1, 1, 2, 8, 'B', 'Carlota Barbosa de Cardoso', 'Rua Professor Fernando da Fonseca, Lisboa, 1501-806 Lisboa', 217516522, 'servico.socio@sporting.pt'),
(5 , 1, 1, 3, 9, 'A', 'Pedro Rodrigo Nascimento Batista Maia', 'Rua Professor Fernando da Fonseca, Lisboa, 1501-806 Lisboa', 217516522, 'servico.socio@sporting.pt'),
(6 , 1, 1, 3, 8, 'B', 'Camila Íris Cruz Moreira', 'Rua Professor Fernando da Fonseca, Lisboa, 1501-806 Lisboa', 217516522, 'servico.socio@sporting.pt'),
(7 , 1, 1, 5, 9, 'B', 'Jaime Reis de Azevedo', 'Rua Professor Fernando da Fonseca, Lisboa, 1501-806 Lisboa', 217516522, 'servico.socio@sporting.pt'),
(8 , 1, 1, 5, 8, 'A', 'Eduardo Mateus Araújo de Rodrigues', 'Rua Professor Fernando da Fonseca, Lisboa, 1501-806 Lisboa', 217516522, 'servico.socio@sporting.pt'),
(9 , 2, 1, 4, 8, 'A', 'Ângela Miriam Rodrigues Monteiro', 'Rua Professor Fernando da Fonseca, Lisboa, 1501-806 Lisboa', 217516522, 'servico.socio@sporting.pt'),
(10, 1, 2, 1, 9, 'B', 'Teresa Bárbara Ferreira Nogueira', 'Av. General Norton De Matos 1500, 1501-805 Lisboa', 217219555, 'webmasters@slbenfica.pt'),
(11, 1, 2, 1, 8, 'B', 'Wilson Pinho de Monteiro', 'Av. General Norton De Matos 1500, 1501-805 Lisboa', 217219555, 'webmasters@slbenfica.pt'),
(12, 1, 2, 2, 9, 'B', 'Edgar Santos Monteiro', 'Av. General Norton De Matos 1500, 1501-805 Lisboa', 217219555, 'webmasters@slbenfica.pt'),
(13, 1, 2, 2, 8, 'B', 'Victória Letícia Neto', 'Av. General Norton De Matos 1500, 1501-805 Lisboa', 217219555, 'webmasters@slbenfica.pt'),
(14, 2, 2, 4, 8, 'B', 'Tatiana Alice Pinheiro', 'Av. General Norton De Matos 1500, 1501-805 Lisboa', 217219555, 'webmasters@slbenfica.pt'),
(15, 2, 3, 4, 8, 'A', 'David Guerreiro', 'Avenida Fernão de Maghalhães, Porto, 4350-415 Porto', 215570400, 'futebolsad@fcporto.pt'),
(16, 1, 3, 1, 9, 'B', 'Francisca Ana de Paiva', 'Avenida Fernão de Maghalhães, Porto, 4350-415 Porto', 215570400, 'futebolsad@fcporto.pt'),
(17, 1, 3, 1, 8, 'B', 'Frederico Daniel Branco de Mendes', 'Avenida Fernão de Maghalhães, Porto, 4350-415 Porto', 215570400, 'futebolsad@fcporto.pt'),
(18, 1, 3, 2, 9, 'A', 'Dinis Barros Garcia', 'Avenida Fernão de Maghalhães, Porto, 4350-415 Porto', 215570400, 'futebolsad@fcporto.pt'),
(19, 1, 3, 2, 8, 'B', 'Juliana Alice Ramos Teixeira Matos', 'Avenida Fernão de Maghalhães, Porto, 4350-415 Porto', 215570400, 'futebolsad@fcporto.pt'),
(20, 1, 3, 3, 9, 'B', 'Sofia Catarina Simões', 'Avenida Fernão de Maghalhães, Porto, 4350-415 Porto', 215570400, 'futebolsad@fcporto.pt'),
(21, 1, 3, 3, 8, 'A', 'Mateus Rafael Matos Machado Barros', 'Avenida Fernão de Maghalhães, Porto, 4350-415 Porto', 215570400, 'futebolsad@fcporto.pt'),
(22, 1, 3, 5, 9, 'B', 'Marcos Tomé de Soares', 'Avenida Fernão de Maghalhães, Porto, 4350-415 Porto', 215570400, 'futebolsad@fcporto.pt'),
(23, 1, 3, 5, 8, 'B', 'Carolina Luciana Lopes Tavares Matias', 'Avenida Fernão de Maghalhães, Porto, 4350-415 Porto', 215570400, 'futebolsad@fcporto.pt'),
(24, 1, 4, 3, 9, 'B', 'Simão Simões', 'Estádio Municipal de Braga/ Apartado 12, Braga, 4711-909 Braga', 253206860, 'mail@scbraga.pt'),
(25, 1, 4, 3, 8, 'A', 'Gustavo Rodrigo Nascimento de Castro', 'Estádio Municipal de Braga/ Apartado 12, Braga, 4711-909 Braga', 253206860, 'mail@scbraga.pt'),
(26, 1, 4, 5, 9, 'B', 'Victória Maia', 'Estádio Municipal de Braga/ Apartado 12, Braga, 4711-909 Braga', 253206860, 'mail@scbraga.pt'),
(27, 1, 4, 5, 8, 'B', 'Telmo William Sá de Nogueira', 'Estádio Municipal de Braga/ Apartado 12, Braga, 4711-909 Braga', 253206860, 'mail@scbraga.pt'),
(28, 1, 4, 2, 9, 'B', 'Ricardo Alexandre Sousa Vicente Baptista', 'Estádio Municipal de Braga/ Apartado 12, Braga, 4711-909 Braga', 253206860, 'mail@scbraga.pt'),
(29, 1, 4, 2, 8, 'A', 'Bianca Araújo de Nascimento', 'Estádio Municipal de Braga/ Apartado 12, Braga, 4711-909 Braga', 253206860, 'mail@scbraga.pt'),
(30, 2, 4, 4, 8, 'B', 'Fernando Vítor Oliveira Faria Azevedo', 'Estádio Municipal de Braga/ Apartado 12, Braga, 4711-909 Braga', 253206860, 'mail@scbraga.pt'),
(31, 1, 5, 2, 9, 'B', 'Núria Viviane de Abreu', 'Dr. António Pimenta Machado, 4802-914 Guimarães', 253432570, 'geral@vitoriasc.pt'),
(32, 1, 5, 2, 8, 'B', 'César Moura', 'Dr. António Pimenta Machado, 4802-914 Guimarães', 253432570, 'geral@vitoriasc.pt'),
(33, 1, 5, 1, 9, 'B', 'Miguel Alexandre Gomes Antunes Gonçalves', 'Dr. António Pimenta Machado, 4802-914 Guimarães', 253432570, 'geral@vitoriasc.pt'),
(34, 1, 5, 1, 8, 'B', 'Helena Maia', 'Dr. António Pimenta Machado, 4802-914 Guimarães', 253432570, 'geral@vitoriasc.pt'),
(35, 1, 5, 3, 9, 'B', 'Miguel Cruz de Vaz', 'Dr. António Pimenta Machado, 4802-914 Guimarães', 253432570, 'geral@vitoriasc.pt'),
(36, 1, 5, 3, 8, 'B', 'Benedita Vanessa Cruz', 'Dr. António Pimenta Machado, 4802-914 Guimarães', 253432570, 'geral@vitoriasc.pt'),
(37, 1, 5, 5, 9, 'B', 'João Diogo Pinto', 'Dr. António Pimenta Machado, 4802-914 Guimarães', 253432570, 'geral@vitoriasc.pt'),
(38, 1, 5, 5, 8, 'B', 'Álvaro Vasco Leal', 'Dr. António Pimenta Machado, 4802-914 Guimarães', 253432570, 'geral@vitoriasc.pt'),
(39, 2, 5, 4, 8, 'A', 'Francisco Rodrigo Neto de Reis', 'Dr. António Pimenta Machado, 4802-914 Guimarães', 253432570, 'geral@vitoriasc.pt');

insert into jogadores (id_jogador, nome, data_nascimento, telemovel, altura, naturalidade) values
(1, 'Nelson Ribeiro de Figueiredo','1995-04-04', 921234561, 170, 'Madeira'),
(2, 'Mário Nelson Alves Magalhães','1995-02-04', 921234562, 155, 'Viseu'),
(3, 'Diogo Leal de Vaz','1995-06-04', 921234563, 159, 'Porto'),
(4, 'André Diego Martins de Lopes','1995-08-04', 921234564, 160, 'Aveiro'),
(5, 'Manuel Domingues Henriques','1995-02-04', 921234565, 165, 'Lisboa'),
(6, 'Tomé Renato Domingues de Neto','1995-04-04', 921234566, 180, 'Braga'),
(7, 'Isaac Brito','1995-08-04', 921234567, 182, 'Coimbra'),
(8, 'Wilson Miranda Sá','1995-04-04', 921234568, 190, 'Bragança'),
(9, 'Hélder Hélder Pires Carvalho','1995-09-04', 921234569, 175, 'Guarda'),
(10, 'Lourenço Pinheiro de Antunes','1995-12-04', 921234570, 182, 'Coimbra'),
(11, 'Bruno Hélder Cardoso Esteves Oliveira','1995-12-25', 921234571, 190, 'Bragança'),
(12, 'Frederico Álvaro de Soares','1995-01-04', 921234572, 175, 'Guarda'),
(13, 'Gustavo Carneiro','1995-04-04', 921234573, 160, 'Aveiro'),
(14, 'Tomás Lucas Vaz Machado','1995-03-04', 921234574, 165, 'Lisboa'),
(15, 'Dinis Fábio de Lourenço','1995-02-04', 921234575, 180, 'Braga'),
(16, 'Gil Ferreira Loureiro','1995-04-04', 921234576, 170, 'Madeira'),
(17, 'António Gonçalo de Araújo','1995-02-04', 921234577, 155, 'Viseu'),
(18, 'Isaac Bernardo Brito de Loureiro','1995-06-04', 921234578, 159, 'Porto'),
(19, 'Joel Carlos Garcia Miranda','1995-08-04', 921234579, 160, 'Aveiro'),
(20, 'Henrique Tavares','1995-02-04', 921234580, 165, 'Lisboa'),
(21, 'Gonçalo Miranda','1995-04-04', 921234581, 180, 'Braga'),
(22, 'Manuel Miguel Morais Brito','1995-08-04', 921234582, 182, 'Coimbra'),
(23, 'Francisco Martim Garcia','1995-04-04', 921234583, 190, 'Bragança'),
(24, 'Afonso Fernando Gomes de Abreu','1995-09-04', 921234584, 175, 'Guarda'),
(25, 'Joel Leandro Martins Mota','1995-12-04', 921234585, 182, 'Coimbra'),
(26, 'Joel Joaquim Monteiro Figueiredo Anjos','1995-12-25', 921234586, 190, 'Bragança'),
(27, 'Simão Diego de Domingues','1995-01-04', 921234587, 175, 'Guarda'),
(28, 'Gonçalo Machado de Baptista','1995-04-04', 921234588, 160, 'Aveiro'),
(29, 'Kevin Teixeira Azevedo','1995-03-04', 921234589, 165, 'Lisboa'),
(30, 'Ricardo Emanuel Alves Jesus Santos','1995-02-04', 921234590, 180, 'Braga'),
(31, 'Márcio Benjamim Castro de Lopes','1995-04-04', 921234591, 170, 'Madeira'),
(32, 'Vítor David Cruz de Barros','1995-02-04', 921234592, 155, 'Viseu'),
(33, 'Sandro Gil de Vieira','1995-06-04', 921234593, 159, 'Porto'),
(34, 'José Edgar Mota','1995-08-04', 921234594, 160, 'Aveiro'),
(35, 'Enzo Hélder Almeida Marques','1995-02-04', 921234595, 165, 'Lisboa'),
(36, 'Jorge Leandro Morais Maia','1995-04-04', 921234596, 180, 'Braga'),
(37, 'Vicente Eduardo Fonseca Vaz','1995-08-04', 921234597, 182, 'Coimbra'),
(38, 'Martinho Freitas Reis','1995-04-04', 921234598, 190, 'Bragança'),
(39, 'Martinho Telmo Oliveira Barros','1995-09-04', 921234599, 175, 'Guarda'),
(40, 'Miguel Lourenço Jesus','1995-12-04', 921234600, 182, 'Coimbra'),
(41, 'Matheus Ivo Rocha','1995-12-25', 921234601, 190, 'Bragança'),
(42, 'Rúben Duarte Vieira Nascimento','1995-01-04', 921234602, 175, 'Guarda'),
(43, 'Duarte Martinho Henriques Coelho','1995-04-04', 921234603, 160, 'Aveiro'),
(44, 'Cristiano Artur Domingues Assunção','1995-03-04', 921234604, 165, 'Lisboa'),
(45, 'João Francisco de Paiva','1995-02-04', 921234605, 180, 'Braga'),
(46, 'Alexandre Fernando Pinho Valente Campos','1995-04-04', 921234606, 170, 'Madeira'),
(47, 'Hugo Pereira','1995-02-04', 921234607, 155, 'Viseu'),
(48, 'Sandro Amorim','1995-06-04', 921234608, 159, 'Porto'),
(49, 'Mauro Tomás Leite Rocha Soares','1995-08-04', 921234609, 160, 'Aveiro'),
(50, 'Fábio Vítor Melo','1995-02-04', 921234610, 165, 'Lisboa'),
(51, 'Eduardo Benjamim Pacheco de Castro','1995-04-04', 921234611, 180, 'Braga'),
(52, 'Ivo Lucas de Pacheco','1995-08-04', 921234612, 182, 'Coimbra'),
(53, 'Bruno Neto de Barbosa','1995-04-04', 921234613, 190, 'Bragança'),
(54, 'Samuel Vaz Castro','1995-09-04', 921234614, 175, 'Guarda'),
(55, 'Márcio Mota de Lopes','1995-12-04', 921234615, 182, 'Coimbra'),
(56, 'Guilherme Vítor Barbosa','1995-12-25', 921234616, 190, 'Bragança'),
(57, 'Gil Alexandre Jesus','1995-01-04', 921234617, 175, 'Guarda'),
(58, 'Davi Rodrigues Pacheco','1995-04-04', 921234618, 160, 'Aveiro'),
(59, 'Leandro Emanuel de Torres','1995-03-04', 921234619, 165, 'Lisboa'),
(60, 'João Fábio Guerreiro Machado','1995-02-04', 921234620, 180, 'Braga'),
(61, 'Santiago Vasco Domingues Gomes Nogueira','1995-04-04', 921234621, 170, 'Madeira'),
(62, 'Kevin Jorge de Alves','1995-02-04', 921234622, 155, 'Viseu'),
(63, 'Nelson Filipe de Costa','1995-06-04', 921234623, 159, 'Porto'),
(64, 'Wilson Cunha','1995-08-04', 921234624, 160, 'Aveiro'),
(65, 'Joel Filipe Branco Andrade','1995-02-04', 921234625, 165, 'Lisboa'),
(66, 'Jorge Telmo de Lima','1995-04-04', 921234626, 180, 'Braga'),
(67, 'Cristiano Hélder Costa Alves','1995-08-04', 921234627, 182, 'Coimbra'),
(68, 'Igor Antunes','1995-04-04', 921234628, 190, 'Bragança'),
(69, 'Rúben Fonseca de Carvalho','1995-09-04', 921234629, 175, 'Guarda'),
(70, 'Henrique José Matos','1995-12-04', 921234630, 182, 'Coimbra'),
(71, 'Flávio Leal Martins','1995-12-25', 921234631, 190, 'Bragança'),
(72, 'Tomé Moura Gomes','1995-01-04', 921234632, 175, 'Guarda'),
(73, 'Tomé Cardoso Oliveira','1995-04-04', 921234633, 160, 'Aveiro'),
(74, 'Joel Fonseca Lima','1995-03-04', 921234634, 165, 'Lisboa'),
(75, 'Matias Leonardo Henriques Rodrigues Garcia','1995-02-04', 921234635, 180, 'Braga'),
(76, 'Vasco Fábio Baptista Araújo','1995-04-04', 921234636, 170, 'Madeira'),
(77, 'Denis Reis de Lourenço','1995-02-04', 921234637, 155, 'Viseu'),
(78, 'Hélder Ivan Nogueira Nunes Magalhães','1995-06-04', 921234638, 159, 'Porto'),
(79, 'Davi Tomás Loureiro','1995-08-04', 921234639, 160, 'Aveiro'),
(80, 'Gustavo Rocha de Pires','1995-02-04', 921234640, 165, 'Lisboa'),
(81, 'António Flávio Azevedo Henriques','1995-04-04', 921234641, 180, 'Braga'),
(82, 'Joel João de Brito','1995-08-04', 921234642, 182, 'Coimbra'),
(83, 'Benjamim Barbosa Pinheiro','1995-04-04', 921234643, 190, 'Bragança'),
(84, 'Simão Matos de Monteiro','1995-09-04', 921234644, 175, 'Guarda'),
(85, 'Enzo Bernardo Branco Almeida','1995-12-04', 921234645, 182, 'Coimbra'),
(86, 'Pedro Valentim Pinho','1995-12-25', 921234646, 190, 'Bragança'),
(87, 'Cristiano Domingues','1995-01-04', 921234647, 175, 'Guarda'),
(88, 'Telmo Carneiro de Cunha','1995-04-04', 921234648, 160, 'Aveiro'),
(89, 'William Fernandes de Sá','1995-03-04', 921234649, 165, 'Lisboa'),
(90, 'Vasco Freitas','1995-02-04', 921234650, 180, 'Braga'),
(91, 'Micael Igor Carneiro Branco','1995-04-04', 921234651, 170, 'Madeira'),
(92, 'Rúben Bruno Abreu Henriques','1995-02-04', 921234652, 155, 'Viseu'),
(93, 'Lisandro Morais','1995-06-04', 921234653, 159, 'Porto'),
(94, 'Vítor Hélder Azevedo Machado','1995-08-04', 921234654, 160, 'Aveiro'),
(95, 'Emanuel Cristiano de Pereira','1995-02-04', 921234655, 165, 'Lisboa'),
(96, 'Samuel Pinheiro Mendes','1995-04-04', 921234656, 180, 'Braga'),
(97, 'Gabriel Miguel Cruz Teixeira Costa','1995-08-04', 921234657, 182, 'Coimbra'),
(98, 'Rúben Jaime Ferreira Machado','1995-04-04', 921234658, 190, 'Bragança'),
(99, 'Fernando Pacheco de Morais','1995-09-04', 921234659, 175, 'Guarda'),
(100, 'Dinis Carlos de Barros','1995-12-04', 921234660, 182, 'Coimbra'),
(101, 'Fábio Tiago Almeida','1995-12-25', 921234661, 190, 'Bragança'),
(102, 'Ivan Rodrigues Esteves','1995-01-04', 921234662, 175, 'Guarda'),
(103, 'Carlos Luís Moura Amaral','1995-04-04', 921234663, 160, 'Aveiro'),
(104, 'Vicente Barros de Morais','1995-03-04', 921234664, 165, 'Lisboa'),
(105, 'Eduardo Eduardo Batista','1995-02-04', 921234665, 180, 'Braga'),
(106, 'Jaime Henriques','1995-04-04', 921234666, 170, 'Madeira'),
(107, 'Sandro Mateus Ferreira Carvalho','1995-02-04', 921234667, 155, 'Viseu'),
(108, 'Lucas Moura Cunha','1995-06-04', 921234668, 159, 'Porto'),
(109, 'Ricardo Henriques Pires','1995-08-04', 921234669, 160, 'Aveiro'),
(110, 'Gaspar Salvador de Gomes','1995-02-04', 921234670, 165, 'Lisboa'),
(111, 'Diogo Matos de Costa','1995-04-04', 921234671, 180, 'Braga'),
(112, 'Ivan Moura Baptista','1995-08-04', 921234672, 182, 'Coimbra'),
(113, 'Sérgio Jorge de Nogueira','1995-04-04', 921234673, 190, 'Bragança'),
(114, 'Igor Matheus Melo','1995-09-04', 921234674, 175, 'Guarda'),
(115, 'Leonardo Davi Castro Carneiro','1995-12-04', 921234675, 182, 'Coimbra'),
(116, 'Henrique Esteves Alves','1995-12-25', 921234676, 190, 'Bragança'),
(117, 'Igor Magalhães','1995-01-04', 921234677, 175, 'Guarda'),
(118, 'Vítor Leandro Baptista Amaral','1995-04-04', 921234678, 160, 'Aveiro'),
(119, 'Cláudio Matos Lima','1995-03-04', 921234679, 165, 'Lisboa'),
(120, 'Alexandre Gaspar de Gomes','1995-02-04', 921234680, 180, 'Braga'),
(121, 'Miguel Matias Gaspar Lima Martins','1995-04-04', 921234681, 170, 'Madeira'),
(122, 'Filipe Correia Guerreiro','1995-02-04', 921234682, 155, 'Viseu'),
(123, 'Samuel Esteves Monteiro','1995-06-04', 921234683, 159, 'Porto'),
(124, 'Nuno Vicente Barros Fernandes','1995-08-04', 921234684, 160, 'Aveiro'),
(125, 'José Martins de Vicente','1995-02-04', 921234685, 165, 'Lisboa'),
(126, 'Wilson Luís Nascimento Nogueira Henriques','1995-04-04', 921234686, 180, 'Braga'),
(127, 'Manuel Sandro Nunes de Teixeira','1995-08-04', 921234687, 182, 'Coimbra'),
(128, 'Tomé Pacheco de Monteiro','1995-04-04', 921234688, 190, 'Bragança'),
(129, 'William Gomes','1995-09-04', 921234689, 175, 'Guarda'),
(130, 'Carlos Freitas','1995-12-04', 921234690, 182, 'Coimbra'),
(131, 'Ricardo Cristiano Miranda','1995-12-25', 921234691, 190, 'Bragança'),
(132, 'Simão Pereira de Pacheco','1995-01-04', 921234692, 175, 'Guarda'),
(133, 'Vasco Fonseca de Faria','1995-04-04', 921234693, 160, 'Aveiro'),
(134, 'Lourenço Teixeira de Magalhães','1995-03-04', 921234694, 165, 'Lisboa'),
(135, 'Bernardo Rúben Moura Carvalho','1995-02-04', 921234695, 180, 'Braga'),
(136, 'Manuel Costa','1995-04-04', 921234696, 170, 'Madeira'),
(137, 'Joaquim Pedro Nogueira Lourenço Abreu','1995-02-04', 921234697, 155, 'Viseu'),
(138, 'Gabriel Valentim Leal de Moreira','1995-06-04', 921234698, 159, 'Porto'),
(139, 'Duarte Manuel de Faria','1995-08-04', 921234699, 160, 'Aveiro'),
(140, 'Flávio Gaspar de Moura','1995-02-04', 921234700, 165, 'Lisboa'),
(141, 'Cláudio Martim Paiva Santos','1995-04-04', 921234701, 180, 'Braga'),
(142, 'Wilson Gonçalves de Leal','1995-08-04', 921234702, 182, 'Coimbra'),
(143, 'Leonardo Carlos Araújo','1995-04-04', 921234703, 190, 'Bragança'),
(144, 'Rúben Afonso Ferreira Freitas Campos','1995-09-04', 921234704, 175, 'Guarda'),
(145, 'Vasco Guilherme Oliveira Moreira Pereira','1995-12-04', 921234705, 182, 'Coimbra'),
(146, 'Matias Duarte de Ribeiro','1995-12-25', 921234706, 190, 'Bragança'),
(147, 'Sandro Alexandre de Magalhães','1995-01-04', 921234707, 175, 'Guarda'),
(148, 'Rui Azevedo Neto','1995-04-04', 921234708, 160, 'Aveiro'),
(149, 'Nelson Neves Pereira','1995-03-04', 921234709, 165, 'Lisboa'),
(150, 'Cristiano Nogueira de Oliveira','1995-02-04', 921234710, 180, 'Braga'),
(151, 'João Ângelo Sá Marques','1995-04-04', 921234711, 170, 'Madeira'),
(152, 'Emanuel Gaspar Coelho Ribeiro Santos','1995-02-04', 921234712, 155, 'Viseu'),
(153, 'Sebastião Macedo de Correia','1995-06-04', 921234713, 159, 'Porto'),
(154, 'Álvaro Mário Brito de Tavares','1995-08-04', 921234714, 160, 'Aveiro'),
(155, 'Vítor Barbosa de Cruz','1995-02-04', 921234715, 165, 'Lisboa'),
(156, 'Santiago Barbosa de Lourenço','1995-04-04', 921234716, 180, 'Braga'),
(157, 'Bernardo José de Faria','1995-08-04', 921234717, 182, 'Coimbra'),
(158, 'Hélder Vicente Sá de Coelho','1995-04-04', 921234718, 190, 'Bragança'),
(159, 'Mauro Diogo Moura Azevedo','1995-09-04', 921234719, 175, 'Guarda'),
(160, 'Cláudio Antunes Batista','1995-12-04', 921234720, 182, 'Coimbra'),
(161, 'Valentim William Moreira de Teixeira','1995-12-25', 921234721, 190, 'Bragança'),
(162, 'Nelson Rodrigues','1995-01-04', 921234722, 175, 'Guarda'),
(163, 'Valentim Coelho Morais','1995-04-04', 921234723, 160, 'Aveiro'),
(164, 'Joel Pires Fernandes','1995-03-04', 921234724, 165, 'Lisboa'),
(165, 'Bruno Luís de Moreira','1995-02-04', 921234725, 180, 'Braga'),
(166, 'Hugo Garcia','1995-04-04', 921234726, 170, 'Madeira'),
(167, 'Bernardo Tomé Sá Rodrigues','1995-02-04', 921234727, 155, 'Viseu'),
(168, 'Flávio Telmo Alves','1995-06-04', 921234728, 159, 'Porto'),
(169, 'Micael Gabriel Marques Brito','1995-08-04', 921234729, 160, 'Aveiro'),
(170, 'Rafael Bernardo Cruz Nunes','1995-02-04', 921234730, 165, 'Lisboa'),
(171, 'Sebastião Loureiro Sá','1995-04-04', 921234731, 180, 'Braga'),
(172, 'Artur Denis Gonçalves','1995-08-04', 921234732, 182, 'Coimbra'),
(173, 'Diogo Martins de Nascimento','1995-04-04', 921234733, 190, 'Bragança'),
(174, 'Samuel Matias Cunha Sousa','1995-09-04', 921234734, 175, 'Guarda'),
(175, 'David Lima','1995-12-04', 921234735, 182, 'Coimbra'),
(176, 'Vasco Frederico Martins Oliveira','1995-12-25', 921234736, 190, 'Bragança'),
(177, 'Henrique Vieira','1995-01-04', 921234737, 175, 'Guarda'),
(178, 'Raúl David Pereira de Sá','1995-04-04', 921234738, 160, 'Aveiro'),
(179, 'Marcos Joel Amorim','1995-03-04', 921234739, 165, 'Lisboa'),
(180, 'Kevin Anjos Vaz','1995-02-04', 921234740, 180, 'Braga'),
(181, 'Marcos Mendes','1995-04-04', 921234741, 170, 'Madeira'),
(182, 'Manuel Igor de Macedo','1995-02-04', 921234742, 155, 'Viseu'),
(183, 'Jorge Gustavo Melo Loureiro','1995-06-04', 921234743, 159, 'Porto'),
(184, 'Carlos Dinis Magalhães','1995-08-04', 921234744, 160, 'Aveiro'),
(185, 'Daniel Tomás de Mendes','1995-02-04', 921234745, 165, 'Lisboa'),
(186, 'Vítor Tiago de Pires','1995-04-04', 921234746, 180, 'Braga'),
(187, 'Ivan Leite','1995-08-04', 921234747, 182, 'Coimbra'),
(188, 'Lisandro Tavares','1995-04-04', 921234748, 190, 'Bragança'),
(189, 'Manuel Flávio Miranda','1995-09-04', 921234749, 175, 'Guarda'),
(190, 'Vicente Francisco de Fonseca','1995-12-04', 921234750, 182, 'Coimbra'),
(191, 'Cristiano Francisco Moreira de Silva','1995-12-25', 921234751, 190, 'Bragança'),
(192, 'Rúben Santiago Melo Matias','1995-01-04', 921234752, 175, 'Guarda'),
(193, 'Vítor Santiago Magalhães','1995-04-04', 921234753, 160, 'Aveiro'),
(194, 'Wilson Vasco Machado de Garcia','1995-03-04', 921234754, 165, 'Lisboa'),
(195, 'David Valentim Marques Baptista Garcia','1995-02-04', 921234755, 180, 'Braga'),
(196, 'Santiago Micael Jesus','1995-04-04', 921234756, 170, 'Madeira'),
(197, 'Flávio Cláudio Fernandes Ferreira','1995-02-04', 921234757, 155, 'Viseu'),
(198, 'Duarte José Vieira','1995-06-04', 921234758, 159, 'Porto'),
(199, 'Rafael David Barros Amorim Loureiro','1995-08-04', 921234759, 160, 'Aveiro'),
(200, 'Jaime Hélder Mendes de Batista','1995-02-04', 921234760, 165, 'Lisboa'),
(201, 'Francisco Bruno Magalhães Castro','1995-04-04', 921234761, 180, 'Braga'),
(202, 'Gil Marcos Guerreiro Gomes','1995-08-04', 921234762, 182, 'Coimbra'),
(203, 'Bruno Álvaro Vieira de Mendes','1995-04-04', 921234763, 190, 'Bragança'),
(204, 'Joel Lourenço','1995-09-04', 921234764, 175, 'Guarda'),
(205, 'Diego Matos de Nogueira','1995-12-04', 921234765, 182, 'Coimbra'),
(206, 'João Isaac Pacheco Vieira Leal','1995-12-25', 921234766, 190, 'Bragança'),
(207, 'Vasco Abreu Pinheiro','1995-01-04', 921234767, 175, 'Guarda'),
(208, 'Bernardo Guerreiro de Vieira','1995-04-04', 921234768, 160, 'Aveiro'),
(209, 'Fernando António Nogueira de Martins','1995-03-04', 921234769, 165, 'Lisboa'),
(210, 'Jorge Lourenço','1995-02-04', 921234770, 180, 'Braga'),
(211, 'Manuel Renato Araújo Azevedo','1995-04-04', 921234771, 170, 'Madeira'),
(212, 'Bruno Fábio Assunção de Baptista','1995-02-04', 921234772, 155, 'Viseu'),
(213, 'Fábio Domingues','1995-06-04', 921234773, 159, 'Porto'),
(214, 'Simão Rodrigo Tavares de Henriques','1995-08-04', 921234774, 160, 'Aveiro'),
(215, 'Dinis Ângelo de Mendes','1995-02-04', 921234775, 165, 'Lisboa'),
(216, 'Eduardo Antunes de Campos','1995-04-04', 921234776, 180, 'Braga'),
(217, 'William Davi Torres Borges Mendes','1995-08-04', 921234777, 182, 'Coimbra'),
(218, 'André Daniel de Simões','1995-04-04', 921234778, 190, 'Bragança'),
(219, 'Álvaro Afonso Costa','1995-09-04', 921234779, 175, 'Guarda'),
(220, 'Ivo Loureiro Correia','1995-12-04', 921234780, 182, 'Coimbra'),
(221, 'Raúl Sá Antunes','1995-12-25', 921234781, 190, 'Bragança'),
(222, 'Leonardo David de Simões','1995-01-04', 921234782, 175, 'Guarda'),
(223, 'Pedro Rodrigo de Carvalho','1995-04-04', 921234783, 160, 'Aveiro'),
(224, 'Micael Mateus de Sousa','1995-03-04', 921234784, 165, 'Lisboa'),
(225, 'Vasco Teixeira de Leal','1995-02-04', 921234785, 180, 'Braga'),
(226, 'Vicente Jaime Matos Batista Andrade','1995-04-04', 921234786, 170, 'Madeira'),
(227, 'Diego Lourenço Rodrigues','1995-02-04', 921234787, 155, 'Viseu'),
(228, 'Manuel Afonso Costa','1995-06-04', 921234788, 159, 'Porto'),
(229, 'Artur Ivan Pinheiro Fernandes','1995-08-04', 921234789, 160, 'Aveiro'),
(230, 'Paulo Campos Valente','1995-02-04', 921234790, 165, 'Lisboa'),
(231, 'Rodrigo Rafael de Simões','1995-04-04', 921234791, 180, 'Braga'),
(232, 'Tomás Neves de Nascimento','1995-08-04', 921234792, 182, 'Coimbra'),
(233, 'Benjamim Assunção Andrade','1995-04-04', 921234793, 190, 'Bragança'),
(234, 'Leonardo Samuel Vicente Pinheiro','1995-09-04', 921234794, 175, 'Guarda'),
(235, 'Álvaro Sá Figueiredo','1995-12-04', 921234795, 182, 'Coimbra'),
(236, 'Leonardo Mauro Pires Brito Matos','1995-12-25', 921234796, 190, 'Bragança'),
(237, 'Artur Sandro Pinho','1995-01-04', 921234797, 175, 'Guarda'),
(238, 'Álvaro Maia Reis','1995-04-04', 921234798, 160, 'Aveiro'),
(239, 'Gaspar Matias Nogueira Garcia Magalhães','1995-03-04', 921234799, 165, 'Lisboa'),
(240, 'Carlos Rodrigo de Baptista','1995-02-04', 921234800, 180, 'Braga'),
(241, 'Jaime Rafael Mota de Vieira','1995-04-04', 921234801, 170, 'Madeira'),
(242, 'Flávio Leite Vaz','1995-02-04', 921234802, 155, 'Viseu'),
(243, 'Leonardo Ramos de Jesus','1995-06-04', 921234803, 159, 'Porto'),
(244, 'Gonçalo Matias de Costa','1995-08-04', 921234804, 160, 'Aveiro'),
(245, 'Carlos Rodrigo de Sousa','1995-02-04', 921234805, 165, 'Lisboa'),
(246, 'Matias Joel Reis Lourenço Moreira','1995-04-04', 921234806, 180, 'Braga'),
(247, 'Lisandro Ferreira Sousa','1995-08-04', 921234807, 182, 'Coimbra'),
(248, 'Alexandre Duarte Nogueira Cardoso Lourenço','1995-04-04', 921234808, 190, 'Bragança'),
(249, 'Benjamim Teixeira de Cruz','1995-09-04', 921234809, 175, 'Guarda'),
(250, 'Henrique Xavier Andrade Guerreiro','1995-12-04', 921234810, 182, 'Coimbra'),
(251, 'Salvador Simão Costa Pinheiro','1995-12-25', 921234811, 190, 'Bragança'),
(252, 'Alexandre Araújo Matias','1995-01-04', 921234812, 175, 'Guarda'),
(253, 'Artur Machado de Gomes','1995-04-04', 921234813, 160, 'Aveiro'),
(254, 'Gil Gaspar','1995-03-04', 921234814, 165, 'Lisboa'),
(255, 'Bruno Bruno Coelho','1995-02-04', 921234815, 180, 'Braga'),
(256, 'Diego Valentim Melo de Mendes','2000-04-04', 921234816, 170, 'Madeira'),
(257, 'Telmo Diego Antunes Magalhães','2000-02-04', 921234817, 155, 'Viseu'),
(258, 'Ivo Flávio Pires de Cruz','2000-06-04', 921234818, 159, 'Porto'),
(259, 'Valentim Ivan de Lopes','2000-08-04', 921234819, 160, 'Aveiro'),
(260, 'Ivan Guilherme Nascimento Esteves Anjos','2000-02-04', 921234820, 165, 'Lisboa'),
(261, 'Lisandro Dinis Pinheiro Simões','2000-04-04', 921234821, 180, 'Braga'),
(262, 'Francisco André Domingues Maia','2000-08-04', 921234822, 182, 'Coimbra'),
(263, 'Vítor Micael de Araújo','2000-04-04', 921234823, 190, 'Bragança'),
(264, 'Santiago Ângelo Moreira Cruz Fernandes','2000-09-04', 921234824, 175, 'Guarda'),
(265, 'Xavier Figueiredo Gomes','2000-12-04', 921234825, 182, 'Coimbra'),
(266, 'Matheus Jaime de Abreu','2000-12-25', 921234826, 190, 'Bragança'),
(267, 'Gustavo Marco Tavares Monteiro Domingues','2000-01-04', 921234827, 175, 'Guarda'),
(268, 'Isaac Manuel Pires Rodrigues Ramos','2000-04-04', 921234828, 160, 'Aveiro'),
(269, 'Dinis Soares de Guerreiro','2000-03-04', 921234829, 165, 'Lisboa'),
(270, 'Bruno Rui Leal Jesus','2000-02-04', 921234830, 180, 'Braga'),
(271, 'Francisco Leandro Garcia Coelho Figueiredo','2000-04-04', 921234831, 170, 'Madeira'),
(272, 'Lourenço Francisco Baptista','2000-02-04', 921234832, 155, 'Viseu'),
(273, 'Cláudio Fábio Nunes de Cruz','2000-06-04', 921234833, 159, 'Porto'),
(274, 'Rodrigo Lucas de Silva','2000-08-04', 921234834, 160, 'Aveiro'),
(275, 'Álvaro Brito de Macedo','2000-02-04', 921234835, 165, 'Lisboa'),
(276, 'Hélder Xavier Henriques','2000-04-04', 921234836, 180, 'Braga'),
(277, 'Leonardo Vasco Paiva Machado Azevedo','2000-08-04', 921234837, 182, 'Coimbra'),
(278, 'Tomé Diogo Nunes Guerreiro','2000-04-04', 921234838, 190, 'Bragança'),
(279, 'William Pinho de Fonseca','2000-09-04', 921234839, 175, 'Guarda'),
(280, 'Leandro Ricardo Pereira Lima Moreira','2000-12-04', 921234840, 182, 'Coimbra'),
(281, 'Cláudio Álvaro Ferreira de Gomes','2000-12-25', 921234841, 190, 'Bragança'),
(282, 'Eduardo Salvador Pires Brito','2000-01-04', 921234842, 175, 'Guarda'),
(283, 'Enzo Telmo Fernandes','2000-04-04', 921234843, 160, 'Aveiro'),
(284, 'Leandro Martins Loureiro','2000-03-04', 921234844, 165, 'Lisboa'),
(285, 'Duarte Mateus Oliveira de Fernandes','2000-02-04', 921234845, 180, 'Braga'),
(286, 'Diego Matheus Cunha Tavares','2000-04-04', 921234846, 170, 'Madeira'),
(287, 'Dinis Ângelo Martins Garcia Vaz','2000-02-04', 921234847, 155, 'Viseu'),
(288, 'Raúl Manuel de Borges','2000-06-04', 921234848, 159, 'Porto'),
(289, 'Tomás Nogueira de Brito','2000-08-04', 921234849, 160, 'Aveiro'),
(290, 'Lucas Vieira Moura','2000-02-04', 921234850, 165, 'Lisboa'),
(291, 'Raúl Daniel Macedo Cruz Moura','2000-04-04', 921234851, 180, 'Braga'),
(292, 'Mauro David Coelho','2000-08-04', 921234852, 182, 'Coimbra'),
(293, 'David Faria de Leite','2000-04-04', 921234853, 190, 'Bragança'),
(294, 'Joaquim Antunes','2000-09-04', 921234854, 175, 'Guarda'),
(295, 'Vasco Mateus de Pires','2000-12-04', 921234855, 182, 'Coimbra'),
(296, 'Valentim Azevedo de Soares','2000-12-25', 921234856, 190, 'Bragança'),
(297, 'Fernando Dinis Paiva','2000-01-04', 921234857, 175, 'Guarda'),
(298, 'Isaac Paiva de Carneiro','2000-04-04', 921234858, 160, 'Aveiro'),
(299, 'Gabriel Dinis de Reis','2000-03-04', 921234859, 165, 'Lisboa'),
(300, 'Nelson Lima Garcia','2000-02-04', 921234860, 180, 'Braga'),
(301, 'Mateus Carneiro Miranda','2000-04-04', 921234861, 170, 'Madeira'),
(302, 'Diogo Borges','2000-02-04', 921234862, 155, 'Viseu'),
(303, 'Guilherme Pereira','2000-06-04', 921234863, 159, 'Porto'),
(304, 'Martim David de Martins','2000-08-04', 921234864, 160, 'Aveiro'),
(305, 'Salvador Filipe Brito Borges','2000-02-04', 921234865, 165, 'Lisboa'),
(306, 'Manuel André Branco de Fernandes','2000-04-04', 921234866, 180, 'Braga'),
(307, 'Telmo Márcio Araújo','2000-08-04', 921234867, 182, 'Coimbra'),
(308, 'Rodrigo Pedro de Lourenço','2000-04-04', 921234868, 190, 'Bragança'),
(309, 'Valentim Soares','2000-09-04', 921234869, 175, 'Guarda'),
(310, 'Mateus Simão Matos Cardoso','2000-12-04', 921234870, 182, 'Coimbra'),
(311, 'Mauro Melo Fonseca','2000-12-25', 921234871, 190, 'Bragança'),
(312, 'André Paulo Marques de Antunes','2000-01-04', 921234872, 175, 'Guarda'),
(313, 'Telmo Daniel Branco','2000-04-04', 921234873, 160, 'Aveiro'),
(314, 'Joel Vítor de Almeida','2000-03-04', 921234874, 165, 'Lisboa'),
(315, 'Leandro Santiago Amaral de Neves','2000-02-04', 921234875, 180, 'Braga'),
(316, 'Gustavo Simões de Ferreira','2000-04-04', 921234876, 170, 'Madeira'),
(317, 'Guilherme Gaspar Anjos Fernandes Jesus','2000-02-04', 921234877, 155, 'Viseu'),
(318, 'Benjamim Bernardo Garcia','2000-06-04', 921234878, 159, 'Porto'),
(319, 'Diogo Raúl de Carneiro','2000-08-04', 921234879, 160, 'Aveiro'),
(320, 'Rafael Hugo Soares','2000-02-04', 921234880, 165, 'Lisboa'),
(321, 'Frederico Domingues','2000-04-04', 921234881, 180, 'Braga'),
(322, 'Martim Matias Carvalho Mendes Brito','2000-08-04', 921234882, 182, 'Coimbra'),
(323, 'Luís Vieira','2000-04-04', 921234883, 190, 'Bragança'),
(324, 'João Cláudio de Domingues','2000-09-04', 921234884, 175, 'Guarda'),
(325, 'Álvaro Hugo Esteves','2000-12-04', 921234885, 182, 'Coimbra'),
(326, 'Samuel Vicente Anjos','2000-12-25', 921234886, 190, 'Bragança'),
(327, 'Tomás Duarte Costa Sousa','2000-01-04', 921234887, 175, 'Guarda'),
(328, 'Igor Lisandro Pires Sousa Barbosa','2000-04-04', 921234888, 160, 'Aveiro'),
(329, 'Lisandro Raúl Valente de Anjos','2000-03-04', 921234889, 165, 'Lisboa'),
(330, 'Jaime Pereira Leite','2000-02-04', 921234890, 180, 'Braga'),
(331, 'Mário Lopes Ribeiro','2000-04-04', 921234891, 170, 'Madeira'),
(332, 'Samuel Tavares','2000-02-04', 921234892, 155, 'Viseu'),
(333, 'Emanuel Fábio Monteiro','2000-06-04', 921234893, 159, 'Porto'),
(334, 'Vasco Tavares','2000-08-04', 921234894, 160, 'Aveiro'),
(335, 'António Telmo Baptista Santos','2000-02-04', 921234895, 165, 'Lisboa'),
(336, 'António Assunção','2000-04-04', 921234896, 180, 'Braga'),
(337, 'Simão Gonçalves Pinto','2000-08-04', 921234897, 182, 'Coimbra'),
(338, 'Rúben Edgar Castro Sá Valente','2000-04-04', 921234898, 190, 'Bragança'),
(339, 'José Garcia Vaz','2000-09-04', 921234899, 175, 'Guarda'),
(340, 'Fábio Castro','2000-12-04', 921234900, 182, 'Coimbra'),
(341, 'Álvaro Vieira','2000-12-25', 921234901, 190, 'Bragança'),
(342, 'Xavier Afonso Carneiro','2000-01-04', 921234902, 175, 'Guarda'),
(343, 'Vítor Luís Torres Moreira','2000-04-04', 921234903, 160, 'Aveiro'),
(344, 'Valentim Carlos Simões Cardoso','2000-03-04', 921234904, 165, 'Lisboa'),
(345, 'William Vicente Maia de Mendes','2000-02-04', 921234905, 180, 'Braga'),
(346, 'Kevin Afonso Assunção Barros Pinheiro','2000-04-04', 921234906, 170, 'Madeira'),
(347, 'Luís Sebastião de Reis','2000-02-04', 921234907, 155, 'Viseu'),
(348, 'Leonardo Nelson de Pacheco','2000-06-04', 921234908, 159, 'Porto'),
(349, 'Pedro Torres','2000-08-04', 921234909, 160, 'Aveiro'),
(350, 'Samuel Diego Macedo Cardoso Rodrigues','2000-02-04', 921234910, 165, 'Lisboa'),
(351, 'Tomé Ricardo Gonçalves','2000-04-04', 921234911, 180, 'Braga'),
(352, 'Carlos Hélder Neves de Fonseca','2000-08-04', 921234912, 182, 'Coimbra'),
(353, 'Fernando Lucas de Cunha','2000-04-04', 921234913, 190, 'Bragança'),
(354, 'Lisandro Matias de Rocha','2000-09-04', 921234914, 175, 'Guarda'),
(355, 'Hugo Leandro Miranda Magalhães Magalhães','2000-12-04', 921234915, 182, 'Coimbra'),
(356, 'Renato Valentim Nunes Branco Loureiro','2000-12-25', 921234916, 190, 'Bragança'),
(357, 'Paulo Ricardo Silva Pires Pinheiro','2000-01-04', 921234917, 175, 'Guarda'),
(358, 'Miguel Antunes','2000-04-04', 921234918, 160, 'Aveiro'),
(359, 'Mauro Micael Lopes Miranda Batista','2000-03-04', 921234919, 165, 'Lisboa'),
(360, 'Marcos Pinheiro de Teixeira','2000-02-04', 921234920, 180, 'Braga'),
(361, 'Gaspar José de Costa','2000-04-04', 921234921, 170, 'Madeira'),
(362, 'Sérgio Cláudio de Barbosa','2000-02-04', 921234922, 155, 'Viseu'),
(363, 'Daniel Marco Freitas Miranda Marques','2000-06-04', 921234923, 159, 'Porto'),
(364, 'Paulo Eduardo Sá Faria','2000-08-04', 921234924, 160, 'Aveiro'),
(365, 'Diogo Cristiano Machado','2000-02-04', 921234925, 165, 'Lisboa'),
(366, 'Vítor Mendes Branco','2000-04-04', 921234926, 180, 'Braga'),
(367, 'Eduardo Marques','2000-08-04', 921234927, 182, 'Coimbra'),
(368, 'Davi Alves Nunes','2000-04-04', 921234928, 190, 'Bragança'),
(369, 'Gabriel Francisco Azevedo Antunes','2000-09-04', 921234929, 175, 'Guarda'),
(370, 'Valentim Xavier de Magalhães','2000-12-04', 921234930, 182, 'Coimbra'),
(371, 'Tomé Ramos Teixeira','2000-12-25', 921234931, 190, 'Bragança'),
(372, 'Manuel Fonseca','2000-01-04', 921234932, 175, 'Guarda'),
(373, 'Vicente Henrique Gomes Pacheco','2000-04-04', 921234933, 160, 'Aveiro'),
(374, 'Xavier Nuno Martins de Antunes','2000-03-04', 921234934, 165, 'Lisboa'),
(375, 'Diogo Vaz','2000-02-04', 921234935, 180, 'Braga'),
(376, 'Jaime Dinis Ribeiro Oliveira','2000-04-04', 921234936, 170, 'Madeira'),
(377, 'Pedro Barros','2000-02-04', 921234937, 155, 'Viseu'),
(378, 'Gonçalo Guerreiro Sousa','2000-06-04', 921234938, 159, 'Porto'),
(379, 'Matheus Vieira de Garcia','2000-08-04', 921234939, 160, 'Aveiro'),
(380, 'Vasco Magalhães Borges','2000-02-04', 921234940, 165, 'Lisboa'),
(381, 'Matias Diogo Gaspar','2000-04-04', 921234941, 180, 'Braga'),
(382, 'Gabriel Cláudio Jesus','2000-08-04', 921234942, 182, 'Coimbra'),
(383, 'Telmo Figueiredo de Lourenço','2000-04-04', 921234943, 190, 'Bragança'),
(384, 'Ricardo Abreu Gaspar','2000-09-04', 921234944, 175, 'Guarda'),
(385, 'Leandro Garcia de Sousa','2000-12-04', 921234945, 182, 'Coimbra'),
(386, 'Denis Machado','2000-12-25', 921234946, 190, 'Bragança'),
(387, 'Telmo Guilherme Vieira Pacheco Reis','2000-01-04', 921234947, 175, 'Guarda'),
(388, 'Gonçalo Fábio Henriques de Simões','2000-04-04', 921234948, 160, 'Aveiro'),
(389, 'Diogo Raúl de Assunção','2000-03-04', 921234949, 165, 'Lisboa'),
(390, 'Gabriel Faria de Silva','2000-02-04', 921234950, 180, 'Braga'),
(391, 'Artur Amorim','2000-04-04', 921234951, 170, 'Madeira'),
(392, 'Vicente Diego Almeida','2000-02-04', 921234952, 155, 'Viseu'),
(393, 'Ricardo Batista Cunha','2000-06-04', 921234953, 159, 'Porto'),
(394, 'Filipe Diego Lima de Ramos','2000-08-04', 921234954, 160, 'Aveiro'),
(395, 'Afonso Oliveira Branco','2000-02-04', 921234955, 165, 'Lisboa'),
(396, 'Tomé Enzo Magalhães','2000-04-04', 921234956, 180, 'Braga'),
(397, 'Igor Álvaro Teixeira','2000-08-04', 921234957, 182, 'Coimbra'),
(398, 'Fábio Afonso Neto Teixeira','2000-04-04', 921234958, 190, 'Bragança'),
(399, 'Valentim Francisco de Cruz','2000-09-04', 921234959, 175, 'Guarda'),
(400, 'Kevin Santos Martins','2000-12-04', 921234960, 182, 'Coimbra'),
(401, 'Isaac Martim de Gaspar','2000-12-25', 921234961, 190, 'Bragança'),
(402, 'Afonso Macedo','2000-01-04', 921234962, 175, 'Guarda'),
(403, 'Benjamim Lourenço Loureiro de Macedo','2000-04-04', 921234963, 160, 'Aveiro'),
(404, 'Mateus Jesus','2000-03-04', 921234964, 165, 'Lisboa'),
(405, 'Martim Rui Pires Soares','2000-02-04', 921234965, 180, 'Braga'),
(406, 'Nelson Freitas de Gomes','2000-04-04', 921234966, 170, 'Madeira'),
(407, 'Salvador Barros Vaz','2000-02-04', 921234967, 155, 'Viseu'),
(408, 'Renato Benjamim Maia Santos Campos','2000-06-04', 921234968, 159, 'Porto'),
(409, 'Rui Rodrigues','2000-08-04', 921234969, 160, 'Aveiro'),
(410, 'Nuno Amaral','2000-02-04', 921234970, 165, 'Lisboa'),
(411, 'Diego Oliveira de Maia','2000-04-04', 921234971, 180, 'Braga'),
(412, 'Gonçalo Tomás Ramos Assunção Pires','2000-08-04', 921234972, 182, 'Coimbra'),
(413, 'Daniel Denis Vieira de Teixeira','2000-04-04', 921234973, 190, 'Bragança'),
(414, 'Vítor Monteiro de Garcia','2000-09-04', 921234974, 175, 'Guarda'),
(415, 'Joaquim Diego Castro de Silva','2000-12-04', 921234975, 182, 'Coimbra'),
(416, 'Ricardo Simão Melo','2000-12-25', 921234976, 190, 'Bragança'),
(417, 'Rui Hugo Henriques Lopes Valente','2000-01-04', 921234977, 175, 'Guarda'),
(418, 'Gil Batista Martins','2000-04-04', 921234978, 160, 'Aveiro'),
(419, 'Afonso Nascimento de Pinto','2000-03-04', 921234979, 165, 'Lisboa'),
(420, 'Cristiano Abreu Jesus','2000-02-04', 921234980, 180, 'Braga'),
(421, 'Ivan Marco Alves Sousa','2000-04-04', 921234981, 170, 'Madeira'),
(422, 'Gabriel Correia','2000-02-04', 921234982, 155, 'Viseu'),
(423, 'Marcos Filipe Fernandes Nogueira Barbosa','2000-06-04', 921234983, 159, 'Porto'),
(424, 'Cristiano Matias Carvalho Freitas Azevedo','2000-08-04', 921234984, 160, 'Aveiro'),
(425, 'Tomás Simões','2000-02-04', 921234985, 165, 'Lisboa'),
(426, 'Gil Pedro de Gaspar','2000-04-04', 921234986, 180, 'Braga'),
(427, 'Artur Lopes de Marques','2000-08-04', 921234987, 182, 'Coimbra'),
(428, 'Vítor César Gonçalves Andrade Silva','2000-04-04', 921234988, 190, 'Bragança'),
(429, 'Guilherme David Rodrigues Rocha','2000-09-04', 921234989, 175, 'Guarda'),
(430, 'Wilson William Sousa Pinheiro','2000-12-04', 921234990, 182, 'Coimbra'),
(431, 'Denis Amaral de Castro','2000-12-25', 921234991, 190, 'Bragança'),
(432, 'Diego Luís Pinho Machado','2000-01-04', 921234992, 175, 'Guarda'),
(433, 'Tiago Neves','2000-04-04', 921234993, 160, 'Aveiro'),
(434, 'Lucas Marques Fonseca','2000-03-04', 921234994, 165, 'Lisboa'),
(435, 'Martinho Cláudio de Vicente','2000-02-04', 921234995, 180, 'Braga'),
(436, 'Jorge Santos de Barros','2000-04-04', 921234996, 170, 'Madeira'),
(437, 'Gustavo Álvaro Lourenço Nogueira','2000-02-04', 921234997, 155, 'Viseu'),
(438, 'Salvador Guilherme Melo Castro','2000-06-04', 921234998, 159, 'Porto'),
(439, 'Denis Filipe de Coelho','2000-08-04', 921234999, 160, 'Aveiro'),
(440, 'Gabriel Lima','2000-02-04', 921235000, 165, 'Lisboa'),
(441, 'Flávio Ângelo Pereira de Pereira','2000-04-04', 921235001, 180, 'Braga'),
(442, 'Ângelo Samuel Vieira Abreu Teixeira','2000-08-04', 921235002, 182, 'Coimbra'),
(443, 'André Diogo Maia','2000-04-04', 921235003, 190, 'Bragança'),
(444, 'Sebastião Henrique de Azevedo','2000-09-04', 921235004, 175, 'Guarda'),
(445, 'Henrique Gaspar Gaspar','2000-12-04', 921235005, 182, 'Coimbra'),
(446, 'Tomás Barbosa Vaz','2000-12-25', 921235006, 190, 'Bragança'),
(447, 'Enzo Martinho Amaral','2000-01-04', 921235007, 175, 'Guarda'),
(448, 'Lucas Mateus Santos Reis Andrade','2000-04-04', 921235008, 160, 'Aveiro'),
(449, 'Ricardo Raúl Costa Cardoso','2000-03-04', 921235009, 165, 'Lisboa'),
(450, 'Denis Rodrigues Araújo','2000-02-04', 921235010, 180, 'Braga'),
(451, 'Kevin Andrade','2000-04-04', 921235011, 170, 'Madeira'),
(452, 'Guilherme Nascimento','2000-02-04', 921235012, 155, 'Viseu'),
(453, 'Francisco Mateus Machado Marques Vaz','2000-06-04', 921235013, 159, 'Porto'),
(454, 'Salvador Fábio de Moreira','2000-08-04', 921235014, 160, 'Aveiro'),
(455, 'Diego Freitas de Marques','2000-02-04', 921235015, 165, 'Lisboa'),
(456, 'Hugo Gustavo Nascimento Domingues Assunção','2000-04-04', 921235016, 180, 'Braga'),
(457, 'Ângelo Amorim','2000-08-04', 921235017, 182, 'Coimbra'),
(458, 'Gil Moreira','2000-04-04', 921235018, 190, 'Bragança'),
(459, 'João Nascimento de Carvalho','2000-09-04', 921235019, 175, 'Guarda'),
(460, 'Wilson Gaspar Matias','2000-12-04', 921235020, 182, 'Coimbra'),
(461, 'Artur Lima','2000-12-25', 921235021, 190, 'Bragança'),
(462, 'Rafael Henriques Henriques','2000-01-04', 921235022, 175, 'Guarda'),
(463, 'Micael Ricardo de Paiva','2000-04-04', 921235023, 160, 'Aveiro'),
(464, 'José Matos Loureiro','2000-03-04', 921235024, 165, 'Lisboa'),
(465, 'Rafael Isaac Barbosa','2000-02-04', 921235025, 180, 'Braga'),
(466, 'Nuno Salvador Pinheiro Antunes','2000-04-04', 921235026, 170, 'Madeira'),
(467, 'Carlos Tiago Vieira de Leal','2000-02-04', 921235027, 155, 'Viseu'),
(468, 'Eduardo Gonçalves Silva','2000-06-04', 921235028, 159, 'Porto'),
(469, 'Tomás Lucas de Miranda','2000-08-04', 921235029, 160, 'Aveiro'),
(470, 'Martim Moura de Gaspar','2000-02-04', 921235030, 165, 'Lisboa'),
(471, 'Rui Sousa de Fonseca','2000-04-04', 921235031, 180, 'Braga'),
(472, 'Mauro Jaime Lima Brito Brito','2000-08-04', 921235032, 182, 'Coimbra'),
(473, 'Emanuel Diogo Silva Antunes','2000-04-04', 921235033, 190, 'Bragança'),
(474, 'Hélder Hugo Loureiro Costa Pinto','2000-09-04', 921235034, 175, 'Guarda'),
(475, 'Jaime Márcio Paiva Campos Henriques','2000-12-04', 921235035, 182, 'Coimbra'),
(476, 'Paulo Luís Abreu Soares Costa','2000-12-25', 921235036, 190, 'Bragança'),
(477, 'Dinis Edgar de Cardoso','2000-01-04', 921235037, 175, 'Guarda'),
(478, 'Bernardo Silva de Araújo','2000-04-04', 921235038, 160, 'Aveiro'),
(479, 'Álvaro Soares','2000-03-04', 921235039, 165, 'Lisboa'),
(480, 'Leonardo Ribeiro','2000-02-04', 921235040, 180, 'Braga'),
(481, 'Benjamim Loureiro','2000-04-04', 921235041, 170, 'Madeira'),
(482, 'Nuno Matias de Silva','2000-02-04', 921235042, 155, 'Viseu'),
(483, 'Guilherme Marcos Gomes de Moura','2000-06-04', 921235043, 159, 'Porto'),
(484, 'Gustavo Domingues de Reis','2000-08-04', 921235044, 160, 'Aveiro'),
(485, 'Flávio Sandro Lopes de Magalhães','2000-02-04', 921235045, 165, 'Lisboa'),
(486, 'Santiago Alves','2000-04-04', 921235046, 180, 'Braga'),
(487, 'Rúben Ramos','2000-08-04', 921235047, 182, 'Coimbra'),
(488, 'Raúl Rocha Vicente','2000-04-04', 921235048, 190, 'Bragança'),
(489, 'Nelson Ricardo Jesus Neves','2000-09-04', 921235049, 175, 'Guarda'),
(490, 'Martinho João de Gaspar','2000-12-04', 921235050, 182, 'Coimbra'),
(491, 'Leandro Samuel Batista de Borges','2000-12-25', 921235051, 190, 'Bragança'),
(492, 'Leandro Miranda Anjos','2000-01-04', 921235052, 175, 'Guarda'),
(493, 'Diego Tomás Moura Fonseca','2000-04-04', 921235053, 160, 'Aveiro'),
(494, 'Frederico Dinis de Matias','2000-03-04', 921235054, 165, 'Lisboa'),
(495, 'Manuel Gaspar Pacheco Moreira Moreira','2000-02-04', 921235055, 180, 'Braga'),
(496, 'Rafael Figueiredo','2000-04-04', 921235056, 170, 'Madeira'),
(497, 'Ricardo Valentim Leite','2000-02-04', 921235057, 155, 'Viseu'),
(498, 'Vicente Maia de Pires','2000-06-04', 921235058, 159, 'Porto'),
(499, 'Leandro Matias Faria Machado Pinto','2000-08-04', 921235059, 160, 'Aveiro'),
(500, 'Gonçalo Rodrigo Esteves de Jesus','2000-02-04', 921235060, 165, 'Lisboa'),
(501, 'Luís Simões de Gonçalves','2000-04-04', 921235061, 180, 'Braga'),
(502, 'Afonso Alexandre Torres Miranda Andrade','2000-08-04', 921235062, 182, 'Coimbra'),
(503, 'Flávio Gabriel de Carneiro','2000-04-04', 921235063, 190, 'Bragança'),
(504, 'Cláudio Simões Fernandes','2000-09-04', 921235064, 175, 'Guarda'),
(505, 'Daniel Leonardo Leal Batista','2000-12-04', 921235065, 182, 'Coimbra'),
(506, 'Renato António Neves de Vieira','2000-12-25', 921235066, 190, 'Bragança'),
(507, 'Bernardo Vicente','2000-01-04', 921235067, 175, 'Guarda'),
(508, 'Ivan Fernando de Lima','2000-04-04', 921235068, 160, 'Aveiro'),
(509, 'Leonardo Martim Domingues Vieira Ferreira','2000-03-04', 921235069, 165, 'Lisboa'),
(510, 'Sebastião Leite de Teixeira','2000-02-04', 921235070, 180, 'Braga'),

(511, 'Bianca Luna de Garcia','2000-04-04', 921235071, 170, 'Madeira'),
(512, 'Isabel Pinheiro de Amorim','2000-02-04', 921235072, 155, 'Viseu'),
(513, 'Ângela Silva de Almeida','2000-06-04', 921235073, 159, 'Porto'),
(514, 'Iara Iara de Monteiro','2000-08-04', 921235074, 160, 'Aveiro'),
(515, 'Mafalda Santos de Anjos','2000-02-04', 921235075, 165, 'Lisboa'),
(516, 'Luísa Moura','2000-04-04', 921235076, 180, 'Braga'),
(517, 'Júlia Amaral de Ramos','2000-08-04', 921235077, 182, 'Coimbra'),
(518, 'Lara Rodrigues Esteves','2000-04-04', 921235078, 190, 'Bragança'),
(519, 'Yara Raquel Leal','2000-09-04', 921235079, 175, 'Guarda'),
(520, 'Soraia Adriana Ramos Silva Batista','2000-12-04', 921235080, 182, 'Coimbra'),
(521, 'Letícia Mara Garcia Moura','2000-12-25', 921235081, 190, 'Bragança'),
(522, 'Ema Mia Neto de Alves','2000-01-04', 921235082, 175, 'Guarda'),
(523, 'Alícia Teixeira de Ribeiro','2000-04-04', 921235083, 160, 'Aveiro'),
(524, 'Sara Cristiana Fernandes Machado Nascimento','2000-03-04', 921235084, 165, 'Lisboa'),
(525, 'Soraia Margarida Fonseca de Gomes','2000-02-04', 921235085, 180, 'Braga'),
(526, 'Neuza Melo','2000-04-04', 921235086, 170, 'Madeira'),
(527, 'Constança Gomes Amaral','2000-02-04', 921235087, 155, 'Viseu'),
(528, 'Nádia Soraia Mendes de Castro','2000-06-04', 921235088, 159, 'Porto'),
(529, 'Adriana Soares de Rocha','2000-08-04', 921235089, 160, 'Aveiro'),
(530, 'Iara Nádia Loureiro Loureiro Brito','2000-02-04', 921235090, 165, 'Lisboa'),
(531, 'Andreia Mia Henriques de Garcia','2000-04-04', 921235091, 180, 'Braga'),
(532, 'Iara Branco Correia','2000-08-04', 921235092, 182, 'Coimbra'),
(533, 'Diana Constança Assunção','2000-04-04', 921235093, 190, 'Bragança'),
(534, 'Viviane Vieira','2000-09-04', 921235094, 175, 'Guarda'),
(535, 'Mara Clara Carvalho Almeida','2000-12-04', 921235095, 182, 'Coimbra'),
(536, 'Cláudia Juliana Miranda','2000-12-25', 921235096, 190, 'Bragança'),
(537, 'Nicole Alexandra Amaral Melo','2000-01-04', 921235097, 175, 'Guarda'),
(538, 'Isabela Barros','2000-04-04', 921235098, 160, 'Aveiro'),
(539, 'Gabriela Nádia Marques Baptista Fonseca','2000-03-04', 921235099, 165, 'Lisboa'),
(540, 'Érica Alice Campos de Tavares','2000-02-04', 921235100, 180, 'Braga'),
(541, 'Alexandra Torres Pinheiro','2000-04-04', 921235101, 170, 'Madeira'),
(542, 'Teresa Iris Ribeiro de Andrade','2000-02-04', 921235102, 155, 'Viseu'),
(543, 'Constança Vicente Teixeira','2000-06-04', 921235103, 159, 'Porto'),
(544, 'Lorena Jesus','2000-08-04', 921235104, 160, 'Aveiro'),
(545, 'Viviane Teresa Cruz Pinheiro','2000-02-04', 921235105, 165, 'Lisboa'),
(546, 'Bárbara Luna Oliveira de Domingues','2000-04-04', 921235106, 180, 'Braga'),
(547, 'Helena Bruna Abreu','2000-08-04', 921235107, 182, 'Coimbra'),
(548, 'Salomé Lima Araújo','2000-04-04', 921235108, 190, 'Bragança'),
(549, 'Vanessa Eva Leite Rocha','2000-09-04', 921235109, 175, 'Guarda'),
(550, 'Ariana Raquel Neto Leal','2000-12-04', 921235110, 182, 'Coimbra'),
(551, 'Joana Laura de Neves','2000-12-25', 921235111, 190, 'Bragança'),
(552, 'Anna Gonçalves Domingues','2000-01-04', 921235112, 175, 'Guarda'),
(553, 'Júlia Luciana Henriques Neto Batista','2000-04-04', 921235113, 160, 'Aveiro'),
(554, 'Cláudia Silva de Costa','2000-03-04', 921235114, 165, 'Lisboa'),
(555, 'Daniela Jesus de Monteiro','2000-02-04', 921235115, 180, 'Braga'),
(556, 'Daniela Raquel Morais Rodrigues Teixeira','2000-04-04', 921235116, 170, 'Madeira'),
(557, 'Clara Alice de Marques','2000-02-04', 921235117, 155, 'Viseu'),
(558, 'Erica Barros Mota','2000-06-04', 921235118, 159, 'Porto'),
(559, 'Bianca Carolina Jesus Azevedo','2000-08-04', 921235119, 160, 'Aveiro'),
(560, 'Melissa Ribeiro','2000-02-04', 921235120, 165, 'Lisboa'),
(561, 'Gabriela Marques Miranda','2000-04-04', 921235121, 180, 'Braga'),
(562, 'Marta Branco Gaspar','2000-08-04', 921235122, 182, 'Coimbra'),
(563, 'Camila Iara Correia Vicente','2000-04-04', 921235123, 190, 'Bragança'),
(564, 'Liliana Joana Marques de Macedo','2000-09-04', 921235124, 175, 'Guarda'),
(565, 'Mariana Vanessa Moura Torres Jesus','2000-12-04', 921235125, 182, 'Coimbra'),
(566, 'Kelly Ema de Rocha','2000-12-25', 921235126, 190, 'Bragança'),
(567, 'Miriam Isabela Marques Neves','2000-01-04', 921235127, 175, 'Guarda'),
(568, 'Mafalda Fabiana de Brito','2000-04-04', 921235128, 160, 'Aveiro'),
(569, 'Alice Pinho de Valente','2000-03-04', 921235129, 165, 'Lisboa'),
(570, 'Leonor Helena de Morais','2000-02-04', 921235130, 180, 'Braga'),
(571, 'Mia Cruz','2000-04-04', 921235131, 170, 'Madeira'),
(572, 'Matilde Gabriela Machado Cardoso','2000-02-04', 921235132, 155, 'Viseu'),
(573, 'Vanessa Sofia de Matias','2000-06-04', 921235133, 159, 'Porto'),
(574, 'Helena Helena Leite Fonseca','2000-08-04', 921235134, 160, 'Aveiro'),
(575, 'Helena Azevedo','2000-02-04', 921235135, 165, 'Lisboa'),
(576, 'Inês Lorena Barbosa','2000-04-04', 921235136, 180, 'Braga'),
(577, 'Ariana Gabriela Nunes','2000-08-04', 921235137, 182, 'Coimbra'),
(578, 'Tatiana Adriana Vaz Jesus','2000-04-04', 921235138, 190, 'Bragança'),
(579, 'Bianca Leticia Esteves','2000-09-04', 921235139, 175, 'Guarda'),
(580, 'Tatiana Cláudia Carneiro','2000-12-04', 921235140, 182, 'Coimbra'),
(581, 'Alexandra Anjos Nunes','2000-12-25', 921235141, 190, 'Bragança'),
(582, 'Mónica Loureiro de Miranda','2000-01-04', 921235142, 175, 'Guarda'),
(583, 'Luna Coelho Matos','2000-04-04', 921235143, 160, 'Aveiro'),
(584, 'Vanessa Mara Matos Castro Faria','2000-03-04', 921235144, 165, 'Lisboa'),
(585, 'Cláudia Yara de Pereira','2000-02-04', 921235145, 180, 'Braga');
